﻿Designation,Department
Engineer,Manufacturing
Sr.Executive,After Market Service
Manager,Supply Chain
Manager,Sales & Marketing
Sr.Manager,Manufacturing
Manager,Design & Innovation
Manager,Supply Chain
Sr.Manager,Quality Assurance
Dy.Manager,Quality Assurance
Sr.Executive,Design & Innovation
Sr.Manager,Manufacturing
Dy.Manager,Design & Innovation
Executive,Manufacturing
Dy.Manager,Manufacturing
Executive,Supply Chain
Executive,Management and General Administration
Dy.Manager,Finance
Executive,Quality Assurance
Dy.Manager,Manufacturing
Sr.Executive,Supply Chain
Dy.Manager,Finance
Dy.Manager,Design & Innovation
Sr.Engineer,Quality Assurance
Executive,Supply Chain
Sr.Executive,HR
Dy.Manager,Manufacturing
Sr.Engineer,Quality Assurance
Sr.Executive,Finance
Manager,Manufacturing
Sr.Engineer,Quality Assurance
Chief Financial Officer,Finance
Sr.Engineer,Quality Assurance
Engineer,Quality Assurance
Sr.Engineer,Design & Innovation
AVP- Supply Chain,Supply Chain
Engineer,Design & Innovation
Engineer,Design & Innovation
Engineer,Design & Innovation
Engineer,Design & Innovation
Engineer,Design & Innovation
Engineer,Manufacturing
Sr.Manager,HR
Manager,Supply Chain
Executive,HR
Sr.Engineer,After Market Service
Manager,Design & Innovation
Sr.Manager,After Market Service
GET,Manufacturing
GET,Manufacturing
AVP -  Manufacturing,Manufacturing
Manager,After Market Service
Manager,Sales & Marketing
Sr.Engineer,Manufacturing
Chief Financial Officer,Finance
Diploma Trainee,Supply Chain
Diploma Trainee,After Market Service
Dy.Manager,Finance
Sr.Technician - Grade I,Manufacturing
Sr.Technician - Grade I,Manufacturing
Sr.Technician - Grade I,Supply Chain
Sr.Technician - Grade I,Manufacturing
Sr.Technician - Grade I,Manufacturing
Sr.Technician - Grade I,Manufacturing
Sr.Technician - Grade I,Manufacturing
Sr.Technician - Grade I,Manufacturing
Sr.Technician - Grade I,Manufacturing
Sr.Technician - Grade I,Manufacturing
Sr.Technician - Grade I,Manufacturing
Sr.Technician - Grade I,Manufacturing
Sr.Technician - Grade I,Manufacturing
Sr.Technician - Grade I,Manufacturing
Sr.Technician - Grade I,Design & Innovation
Sr.Technician - Grade I,Manufacturing
Sr.Technician - Grade I,Manufacturing
Sr.Technician - Grade I,Manufacturing
Sr.Technician - Grade I,Manufacturing
Sr.Technician - Grade I,Manufacturing
Sr.Technician - Grade I,Manufacturing
Sr.Technician - Grade I,Manufacturing
Sr.Technician - Grade I,Manufacturing
Sr.Technician - Grade I,Quality Assurance
Sr.Technician - Grade I,Manufacturing
Sr.Technician - Grade I,Manufacturing
Sr.Technician - Grade I,Manufacturing
Sr.Technician - Grade I,Manufacturing
Sr.Technician - Grade I,Manufacturing
Sr.Technician - Grade I,Manufacturing
Sr.Technician - Grade I,Manufacturing
Sr.Technician - Grade I,Manufacturing
Sr.Technician - Grade I,Manufacturing
Sr.Technician - Grade II,Manufacturing
Sr.Technician - Grade II,Supply Chain
Technician - Grade I,Manufacturing
Sr.Technician - Grade II,Manufacturing
Sr.Technician - Grade II,Manufacturing
Technician - Grade I,Manufacturing
Technician - Grade I,Manufacturing
Technician - Grade I,Manufacturing
Sr.Technician - Grade II,Manufacturing
Technician - Grade I,Manufacturing
Sr.Technician - Grade II,Manufacturing
Technician - Grade I,Manufacturing
Sr.Technician - Grade II,Manufacturing
Sr.Technician - Grade II,Manufacturing
Technician - Grade I,Manufacturing
Sr.Technician - Grade II,Manufacturing
Technician - Grade I,Manufacturing
Technician - Grade I,Manufacturing
Technician - Grade I,Manufacturing
Technician - Grade I,Manufacturing
Technician - Grade I,Manufacturing
Technician - Grade I,Manufacturing
Technician - Grade I,Supply Chain
Technician - Grade II,Manufacturing
Technician - Grade I,Manufacturing
Technician - Grade II,Manufacturing
Technician - Grade I,Quality Assurance
Technician - Grade I,Quality Assurance
Technician - Grade II,Manufacturing
Technician - Grade II,Manufacturing
Technician - Grade II,Manufacturing
Technician - Grade II,Manufacturing
Technician - Grade II,Manufacturing
Technician - Grade II,Manufacturing
Technician - Grade II,Manufacturing
Technician - Grade II,Manufacturing
Technician - Grade II,Manufacturing
Technician - Grade II,Manufacturing
Technician - Grade II,Manufacturing
Technician - Grade II,Manufacturing
Technician - Grade II,Manufacturing
Technician - Grade II,Manufacturing
Technician - Grade II,Manufacturing
Technician - Grade II,Manufacturing
Technician - Grade II,Manufacturing
Traniee,Manufacturing
Traniee,Manufacturing
Traniee,Manufacturing
Traniee,Manufacturing
Traniee,Manufacturing
Traniee,Supply Chain
Traniee,Manufacturing
Traniee,Manufacturing
Dy.Manager,Finance
Office Boy,Management and General Administration
Dy.Manager,Engineering & Projects
Executive,After Market Service
Executive,After Market Service
Dy.Manager,Engineering & Projects
Director - Sales & Marketing,Sales & Marketing
Sr.Manager,Sales & Marketing
Sr.Manager,Sales & Marketing
Sr.Engineer,After Market Service
Engineer,Engineering & Projects
Engineer,After Market Service
Sr.Executive,Sales & Marketing
Sr.Engineer,Supply Chain
Sr.Engineer,Engineering & Projects
Engineer,Engineering & Projects
Engineer,After Market Service
Engineer,Sales & Marketing
Engineer,Engineering & Projects
Sr.Manager,Engineering & Projects
Manager,Sales & Marketing
Engineer,Service
Engineer,Sales & Marketing
Managing Director,Management and General Administration
Dy.Manager,Sales & Marketing
Sr.Manager,Sales & Marketing
Sr.Engineer,Engineering & Projects
Dy.Manager,Engineering & Projects
Sr.Engineer,Sales & Marketing
Technician,Sales & Marketing
Dy.Manager,Sales & Marketing
Executive,Supply Chain
Engineer,Design & Innovation
Engineer,IT
Engineer,Quality Assurance
"Interim- C.F.O, Accounts",Finance
Managing Director,Management and General Administration
